{
    "rmse": 0.7434546237351471,
    "mae": 0.6033253279628663,
    "r2": 0.1443557760700197
}