{
    "rmse": 0.7403888624743842,
    "mae": 0.5956160974104115,
    "r2": 0.25745979200485947
}