{
    "rmse": 0.7293752372092375,
    "mae": 0.5804953236385633,
    "r2": 0.2071414931196668
}